customer_id,customer_city,customer_name,customer_state
100,Smithland,Jennifer Gonzalez,Arkansas
101,Fordland,Anthony Turner,West Virginia
102,Collinsmouth,Jonathan Bell,Mississippi
103,South Paulland,Michelle Johnson,Montana
104,North Loriview,Christopher Miller,South Dakota
105,North Jeremy,Brian Brown,Minnesota
106,South Ian,Cathy Suarez,New Jersey
107,Danielland,David Fitzpatrick,Wyoming
108,Danielburgh,Juan Logan,New Jersey
109,Leeland,Corey Morgan,Kansas
110,New Robertoport,Cameron Nelson,Wyoming
111,North Christinachester,Crystal Shelton,Indiana
112,Alanhaven,Christopher Colon,Indiana
113,Port Matthew,Carol Montgomery,Arkansas
114,Lisachester,Randall Navarro MD,South Carolina
115,Colemanmouth,Kristen Wong,Illinois
116,North Thomasfurt,George Gomez,South Dakota
117,Youngbury,Michelle Dominguez,Alabama
118,East Heatherton,Caitlin Russell,Indiana
119,West Mary,Alexandria Young,New York
120,Lake Christineview,Angelica Smith,North Carolina
121,Valenciaton,Joseph Thompson,Florida
122,Dianeview,Shelby Huff DVM,Hawaii
123,East Scott,Carolyn Cervantes,South Dakota
124,Lake Luisside,Jessica Pratt,New Jersey
125,East Jean,Gregory May,Washington
126,Port Matthew,Dan Walters,Montana
127,West Heatherchester,Amy Ramos,New Mexico
128,New Johnathanstad,Jason Graham,Florida
129,East Melaniefort,Jessica Terry,Ohio
130,Timothyside,Randy Cohen,Nevada
131,Michaelchester,Justin Lang,Wyoming
132,Lewisview,Elizabeth Smith,Vermont
133,East Dawn,Samantha Brown,New Jersey
134,South Heather,Diana Murphy,Idaho
135,North Victoriaview,Renee Olsen,Georgia
136,Mooreburgh,Kelly Gray,Connecticut
137,New Amychester,Sheryl Gay,Oklahoma
138,Rodgerstown,Darren Klein,Nebraska
139,Juliestad,Ryan Cooley,Vermont
140,New Matthew,Savannah Jenkins,North Dakota
141,Port Danielleside,Juan Wall,Utah
142,Jessicaton,Carol Lopez,Virginia
143,East Josephside,Kathy White,Nevada
144,Danielport,Carol Young,Michigan
145,North Ernestland,Jason Vance,South Dakota
146,North Deniseborough,Brian Mclaughlin,Hawaii
147,Lake Eric,Mary Fernandez MD,Texas
148,Scottside,Scott Sanchez,Minnesota
149,Robinville,Teresa Miller,Hawaii
150,Evansside,Nicholas Walter,Texas
151,Lake Josemouth,Michael Walker,Louisiana
152,Lake Christinafurt,Brandon Leblanc,Kentucky
153,West Laura,Ashley Vang,Delaware
154,Brucestad,Jonathan Price,Idaho
155,New Roger,Nicholas Scott,Missouri
156,Johnsonshire,Vincent Brown,Illinois
157,Grahamton,Connie Walker,California
158,Amandafort,Austin Norman,Virginia
159,South Thomaschester,Michael Walker,Ohio
160,Lake Victoriastad,Karen Harrison,New Hampshire
161,Weavermouth,Johnny Drake,Michigan
162,Alexhaven,Alicia Fitzpatrick,New Mexico
163,Adamland,Courtney Weeks MD,New York
164,North Ericchester,Joshua Poole,Arkansas
165,West Theresaville,Melissa Young,Maryland
166,South Jessicaburgh,Christopher Lawrence,West Virginia
167,Adrianport,Brenda Wilson,Colorado
168,East Adam,David Cohen,Minnesota
169,Lake Gerald,Christine Hall,Florida
170,North Kevinburgh,Wendy Hernandez,New Mexico
171,New Gabrielmouth,Gregory Stevens,Oklahoma
172,Lake Amberbury,Patrick Vance,Alaska
173,West Jennifer,Grace Martinez,New York
174,Port Patricia,Casey Crane,Utah
175,Johnsonfurt,Christopher Jenkins,Maryland
176,Ericshire,Anthony Garcia,Kentucky
177,West Joyce,Jason Gutierrez,South Carolina
178,South Mitchellland,Gregory Thomas,Vermont
179,Lake Jasonview,Kelly Frederick,New Mexico
180,Kaylamouth,Ronald Hood,Colorado
181,Dudleyton,Teresa Williams,Massachusetts
182,New Breanna,Dr. Heather Nguyen,Iowa
183,Thomaschester,Mark Murphy,Louisiana
184,Welchberg,Hannah Strong,North Carolina
185,Rossside,Sean Fleming,West Virginia
186,Mccormickchester,Vickie Singh,Iowa
187,Troymouth,Robert Finley,Wyoming
188,Martineztown,Lisa Anderson,Alaska
189,Barbarabury,Chelsea Rodriguez,New Jersey
190,South Lauren,Jennifer Greene,Kansas
191,New Jasminebury,Cheyenne Singleton,Louisiana
192,Ginaburgh,Shane Todd,Arkansas
193,East Benjaminmouth,Nicole Wilson,Nebraska
194,East Brittanytown,Marc Hodges,Oklahoma
195,Castillomouth,Laura Gomez,Iowa
196,South Daniel,Joshua Hall,Colorado
197,Lake Jason,Mrs. Alicia Skinner,Maryland
198,Jacobtown,Michael Pena,Kentucky
199,Andreastad,Maria Pittman,Louisiana
200,West Jenniferbury,Samuel Cook,Hawaii
201,Lake Kimberly,Samuel Davis,Washington
202,Trevorfort,Joshua Davidson,Hawaii
203,Lake Brian,Arthur Gregory,Wisconsin
204,Shannonstad,Brian Osborne,Connecticut
205,Mercershire,Lisa Koch,Minnesota
206,Catherineborough,Nicole Snyder,Idaho
207,Blakebury,Margaret Olson,Minnesota
208,Larsontown,Charles Webb,Wyoming
209,Martinezchester,Virginia Gallagher,Florida
210,Annetteton,Mark Olson,Virginia
211,Port Christinamouth,Debra Davis,Oregon
212,East Donald,Jacqueline Smith,Kentucky
213,Danielville,Jason Holden,Indiana
214,Danielfort,Margaret Hampton,Louisiana
215,North Mary,Vanessa Goodwin,Texas
216,South Justinfurt,Kelly Reed,Kentucky
217,New Nicholas,Evan Roberts,Vermont
218,South Shelby,Heather Hensley,Kansas
219,Robertville,Michelle Bailey,Florida
220,Robertview,Pamela Rice,West Virginia
221,West Matthewmouth,Kyle Daugherty,Indiana
222,West Dawnhaven,Andrew Nelson,Ohio
223,North Alex,Katherine Brown,Idaho
224,Jasmineport,Andrea Moore,Colorado
225,Grossmouth,Kristie Johns,Alaska
226,Bradleyhaven,Charlene Thomas,Indiana
227,Cherylhaven,Bethany Price,New Mexico
228,East Sarahland,Kathleen Vasquez,Alaska
229,Saraville,Steven Holland,South Dakota
230,East Nicolechester,Mary Watson,South Dakota
231,Port Michael,Ronald Riggs,Indiana
232,North Valerieside,James Ryan,Delaware
233,Port Frederick,Alvin Lucas,New Hampshire
234,West Claireside,Michael George,Wyoming
235,West Richardfurt,David Smith,New Mexico
236,Port Maryborough,Jill Bennett,South Dakota
237,Berryview,Erin Richardson,Arkansas
238,Gardnerborough,Kathleen Ware,Alaska
239,West Eric,Sara Heath,Arkansas
240,Lake Meghanview,Eric Cox,Idaho
241,Ashleyside,Michael Wolfe,Massachusetts
242,New Jacqueline,Jeremy Alexander III,Rhode Island
243,Graytown,Dr. Tommy Hunter,Nevada
244,North Jacobmouth,Mary Clark,Massachusetts
245,West Allison,William Kennedy,Alabama
246,Port Lisaport,Stephanie Lee,Virginia
247,Chavezmouth,Michelle Guzman,Alabama
248,New Shaun,Kevin Jackson,Tennessee
249,Kevinville,Danny Rodriguez,Oklahoma
250,Chadburgh,Troy Whitney,Utah
251,South Benjamin,Jacqueline Bush,Colorado
252,West Annechester,William Walls,Florida
253,Troyside,Leah Serrano,Illinois
254,Avilafort,Kristen Dyer,Indiana
255,Markmouth,Ashley Thompson,Montana
256,Lake Ashley,Christopher Torres,Wisconsin
257,Higginsland,Joseph Graham,Michigan
258,Monicaberg,Sean Parker,Hawaii
259,West Benjaminfort,Martin Brooks,Washington
260,Jeffreychester,Danielle Parker,Alaska
261,Simmonsville,Sarah Mann,Louisiana
262,Pattonstad,Anthony Valencia,Pennsylvania
263,Ianville,Julie Snyder,Montana
264,North Holly,Anne Gonzalez,North Dakota
265,Smithton,Shannon Baird,California
266,Port Joel,Elizabeth Carlson,Kentucky
267,Morganville,Melissa Mcmillan,Vermont
268,Ryanville,Susan Griffith,Colorado
269,East Joseph,Natasha Wong,Iowa
270,South Caseystad,Marissa Barron,California
271,Port Christopher,Anita Williams,Alaska
272,South Randallshire,Mrs. Kristen Davis MD,Virginia
273,Ericaberg,Laura Blake,Massachusetts
274,South Dorothymouth,Martha Pittman,North Carolina
275,Davidport,Randy Powell,Nebraska
276,Brennanburgh,Ricardo Garcia,New Hampshire
277,Robertland,Mrs. Linda Mccoy,Iowa
278,Port Jillianview,Amber Garcia,Oklahoma
279,Lake Scotttown,Nathan Gomez,California
280,Marcusmouth,Joshua Marquez,New York
281,South Jamie,Rebecca Johnson,Illinois
282,East Nancy,Alexandria Thompson,Hawaii
283,Taylormouth,Kimberly Austin,Maryland
284,Port Matthew,Mary West,Arkansas
285,Woodstown,Cathy Bell,Michigan
286,West Jerry,Terry Roy,Alaska
287,Lake Dawntown,Christopher Dunn,Colorado
288,Port Nichole,Wanda Sosa,Alaska
289,North Davidberg,Vanessa Garcia,Arkansas
290,Staceyside,Alexander Glass,Alabama
291,Jonesfurt,Robert Fisher,North Dakota
292,West Latoyaside,John Rios,New Jersey
293,Port Codytown,Joseph Skinner,Kentucky
294,East Oliviaside,Fernando Valdez,Massachusetts
295,West Jodymouth,Amber Ruiz,Arizona
296,East Spencerville,Tina Escobar,Missouri
297,East Aliciaville,Andrew Kirk,Florida
298,South Kyle,Dawn Chapman,Alaska
299,Saraburgh,Robert Moss,Washington
300,Perezview,Destiny Ramirez,Washington
301,Alanville,Shelly Vazquez,Iowa
302,New Tinaland,Curtis Cox,New Jersey
303,Andreaside,Matthew Yates,Alabama
304,New Geraldmouth,Alicia Zavala,Missouri
305,Johnsonfurt,Tammy David,Tennessee
306,East Edward,Jonathan Jones,Oklahoma
307,North Deborahhaven,Theresa Ward,Maryland
308,East Kelsey,Margaret Villa,New Mexico
309,Lake Scott,Melissa Tran,Hawaii
310,Jillbury,Miranda Howard,Utah
311,Meltonton,Christopher Hoover,Maine
312,Keithport,Christopher Harris,Iowa
313,Samanthabury,Deanna Lawson,Washington
314,New Nicholasbury,Grace Mathis,Tennessee
315,East Miranda,Marc Brady,Georgia
316,Lake Brianna,Ruth Roth,Arizona
317,Paulbury,Valerie Green,Montana
318,Timothyshire,Anna Wells,North Dakota
319,Port Peter,Luke Fox,Illinois
320,West Dustin,Patricia Nguyen,Nevada
321,Port Robert,Amy Wilson,Delaware
322,Russellville,Annette Singleton,Georgia
323,Danieltown,Cory Jackson,Idaho
324,Tracyville,Deborah Washington,Virginia
325,Hollandchester,Crystal Martinez,Colorado
326,Hollowayborough,Nicole Jennings,Connecticut
327,Williamsborough,Russell Reynolds,Kansas
328,South Kristen,Jack Jones,South Carolina
329,South Elizabeth,Mary Young,South Dakota
330,Port Diane,Lonnie Montoya,Montana
331,New Jasonville,Amy Smith,Iowa
332,Garciachester,James Stuart,Maryland
333,Lake Timothy,Kyle Owens,New York
334,West Travis,Kristine Allen,Louisiana
335,Christophermouth,Kimberly Blake,Minnesota
336,Wellsmouth,George Wu,California
337,Nelsonhaven,Sharon Burton,Virginia
338,Port Margarettown,Austin Sanchez,Maryland
339,New Ashley,Carol Johnson,Florida
340,Maryton,Caitlin Reeves,California
341,North Ashleyport,Elizabeth Crane,Virginia
342,Youngstad,Sarah Brown,Maine
343,North Darrell,Mary Chambers,Montana
344,Fletcherburgh,James Miles,New Mexico
345,Lake Cynthia,Jordan Ramirez,Vermont
346,Danielberg,Erin Leach,Mississippi
347,North Dylanburgh,Cynthia Perez,Arkansas
348,Nicholasmouth,Steven Jefferson,Connecticut
349,East Thomasside,Rebecca Walker,New Jersey
350,Frederickstad,Debra Clay,South Carolina
351,Milestown,Daniel Vincent,Mississippi
352,Christopherbury,Ashley Aguirre,Alaska
353,Martinfurt,Donald Brown,South Carolina
354,Port Markmouth,Jody Harvey,Montana
355,New Elizabethborough,Stephen Golden,Florida
356,Patriciaview,Natalie Munoz,Idaho
357,South Roger,Brandon Brown,Delaware
358,Morrisonview,Carlos Haynes,North Carolina
359,Mariaborough,Richard Ellis,Hawaii
360,Crystalland,Stacey Gonzalez,Arizona
361,South Randy,Matthew Parks,Delaware
362,Lake Cheryl,Nathaniel Taylor,Texas
363,Dustinside,Emily Mckinney,New Jersey
364,South Cassandra,Christopher Little,Arkansas
365,North Catherine,David Cole,Idaho
366,Scottbury,Deborah Brown,Delaware
367,Kleinport,Melissa Alvarez,Arkansas
368,Josephhaven,George Flores,Mississippi
369,Bryanbury,Mrs. Rachel Patton,Iowa
370,West Adrian,Jamie Lewis,North Carolina
371,Laurietown,Jessica Williams,Minnesota
372,Jasonstad,Pamela Fischer,Missouri
373,Angelafurt,Brian Brown,Washington
374,Jenniferfort,Sean Davis,Wyoming
375,Kramerside,Sharon Pace,New Hampshire
376,Melaniebury,Gregory Stewart,Arkansas
377,West Timothy,John Bennett,New Jersey
378,East Staciefurt,Angela Lloyd,Missouri
379,South Brandonport,Alexandra Maddox,Missouri
380,North Dana,Adam Garrett,Virginia
381,Lake Rachel,Sarah Lewis,Maryland
382,New Kathleen,Sharon Wall,Louisiana
383,West Carlberg,Kathryn Pacheco,Arkansas
384,South Kendraton,Jeremy Miles,North Carolina
385,Port Jeffrey,William Williams,Delaware
386,Port Isaacshire,Alexandra Williamson,Alaska
387,West Nathan,David Mann,Georgia
388,Bellton,Joshua Mckay,Maine
389,Lake Amanda,Michelle Sanchez,New York
390,Davidshire,Christopher Ortiz,Washington
391,Clarkshire,Ronald Thomas,Massachusetts
392,Jenniferland,James Obrien,North Dakota
393,West Jenny,Deborah Horn,Oklahoma
394,Lake Ambermouth,Cynthia Rodriguez,Massachusetts
395,Monicamouth,James Dudley,Iowa
396,West Patriciaville,Edward Banks,Pennsylvania
397,Melanieside,Mary Graves,Alabama
398,Galvanmouth,Nicole Strickland,Pennsylvania
399,Port Heatherfort,Brian Hall,South Dakota
400,North Donaldville,James Huber,Illinois
401,North Craigshire,Brandon Higgins,Montana
402,Port Sabrinastad,Sharon Barajas,Arizona
403,New Tammytown,Jessica Jones,North Dakota
404,Paulview,Johnny Ramos,Kentucky
405,Sharonhaven,Robert White,Missouri
406,Johnhaven,Denise Evans,Louisiana
407,Port Jeremyborough,Tamara Horn,Michigan
408,Andersonland,Victor Phelps,Louisiana
409,Carlafort,Lori Davis,Arizona
410,Greentown,Theodore Adams,Michigan
411,Johnsonfurt,Charles Marks,Connecticut
412,Jonathanstad,Carol Jones,Wyoming
413,Grantport,Allen Anderson,Missouri
414,West Thomas,Steven Sutton,New York
415,South Eric,Christine Pittman,Colorado
416,Taramouth,Renee Anthony,North Carolina
417,Lake Andrewbury,Samantha Edwards,Tennessee
418,Lake Erin,Brittany Wall,Rhode Island
419,Martinside,Christopher Boone,Rhode Island
420,West Dennis,Susan Peterson,Idaho
421,North Heather,Lisa Garcia,Wisconsin
422,South Garybury,Jeffrey Melendez,New York
423,Davistown,Jessica Durham,Oklahoma
424,Craigview,Edward Rivera,Kentucky
425,Elizabethmouth,Leah Mcdowell,Maryland
426,New Karenmouth,Angela Flores,West Virginia
427,North Davidberg,Tracy Smith,Missouri
428,East Michael,Marc Thompson,Mississippi
429,Kendrachester,Jennifer Wilson,Idaho
430,Lake Samuelberg,Mr. Kenneth Wyatt,Florida
431,Mirandaville,Michael Jackson,Texas
432,Sandersmouth,Kristin Nunez,North Carolina
433,Wellsbury,Manuel Sanders,Tennessee
434,Ruizborough,Zachary Hodges,Missouri
435,Jacobport,Luis Levy,Vermont
436,East Monica,Sara Sanchez,Wyoming
437,Clarkview,Michael Patrick,Massachusetts
438,New Tiffanyview,Ashley Hall,Delaware
439,Lake Tristanmouth,Kyle Johnson,New Mexico
440,Burchstad,Kristi Bennett,Kansas
441,West Amberburgh,Brandon Delacruz,Indiana
442,North Brian,Darrell Mata,West Virginia
443,Port Garrett,Christina Paul,Pennsylvania
444,Aguilarborough,Sydney Jackson,Texas
445,Lake Jill,Margaret Morris,Oregon
446,West Williamborough,Mark Garcia,California
447,East Brittanymouth,Bryan Matthews,Washington
448,Susanland,David Spencer,Rhode Island
449,Lake Alicia,Dana Johnson,Washington
450,Patricktown,Samantha Tate,Florida
451,Lake Rachelbury,George Jennings,Utah
452,Barkerstad,Jessica Jones,Kentucky
453,Priscillashire,Sydney Brown,Indiana
454,West Kimberly,Kristen Acosta,Virginia
455,Port Jeffery,Debra Jones,Vermont
456,Nguyenberg,Robert Brown,Wyoming
457,Kathyville,Rachel Williams,Indiana
458,South Melanie,Jennifer Schultz,Wyoming
459,Conwayland,Kim Martinez,Wisconsin
460,Kendrashire,Jordan Russell,Alabama
461,Davidburgh,Bill Carter,Maryland
462,East Allenburgh,Karen Schroeder,Idaho
463,East Teresaview,Terri Weiss,Virginia
464,Bendermouth,Fred Clark,Tennessee
465,Freyberg,Tamara Harris,Alaska
466,Johnsonmouth,Amanda Hayes,Washington
467,Donaldberg,Lisa Williams,New York
468,Clarkstad,James Haynes,Delaware
469,West Jennyhaven,Stephanie Anderson,Ohio
470,North Elizabethmouth,Crystal Hinton,Washington
471,Deannaside,Mary Houston,Virginia
472,North Diana,Amanda Gill,Colorado
473,Victorchester,Jeremy Waters,Idaho
474,New Cameronside,Tiffany Arnold,Kentucky
475,Port Brandonborough,Andrea Holmes,Arizona
476,Nguyentown,Jose Trujillo,Massachusetts
477,Alvaradoborough,Jason Brown,Delaware
478,New Kathyland,Brooke Reyes,Arizona
479,East Brett,Jason Miller,North Dakota
480,Helenshire,Robert Randall,Delaware
481,West Randyview,Jason Mack,New Jersey
482,New Autumn,Megan Parks,Oregon
483,Port Marymouth,Beverly Lambert,Idaho
484,East Michaelhaven,Kristy Allen,Minnesota
485,Elizabethland,Randy Perez,Maine
486,Marilyntown,Sean Montes,Connecticut
487,Davidfort,Robert Hayes,Maine
488,Lake Kimberlyland,Joseph Aguilar,Georgia
489,Stevenshire,Eric Quinn,Louisiana
490,Timothyborough,Jody Grant,Georgia
491,Bradleyburgh,Eric Reed,Montana
492,Smithland,Elizabeth Nguyen,Oklahoma
493,Millerhaven,Mary Ferguson,Florida
494,South Ricardoshire,Robert Sanchez,Pennsylvania
495,Farrellburgh,Stephen Spencer,Montana
496,Carrburgh,Jason Williams,Wisconsin
497,East Danaberg,David Ortega,Illinois
498,West Billy,Brian Daniels,Michigan
499,Lake Lauraberg,Jesse Shannon,Illinois
500,North Heatherburgh,Jill Davis,Georgia
501,Port Maryborough,Brian Schmidt,California
502,Perezview,Andrea Young,Kentucky
503,East Ryan,Lynn Vang,Kentucky
504,New Austin,Jennifer Warner,South Carolina
505,Davisshire,Michael Hernandez,Arizona
506,West Kimberlyburgh,Shelly Hill,Tennessee
507,Alejandrohaven,Caleb Jackson,Mississippi
508,Brandiville,Michelle Schwartz,New Hampshire
509,Thomasstad,John Gonzalez,New Hampshire
510,Carterchester,Taylor Simmons,Idaho
511,Lancebury,Taylor Murphy,Florida
512,Jefferyburgh,Michelle Owens,Texas
513,Fergusonville,Laura Sanchez,North Carolina
514,South Daniel,Jennifer Hayden,Alaska
515,West Tammy,Adam Mitchell,Massachusetts
516,South Crystal,Meghan Anderson,Alabama
517,Lake Kim,Christine Jones,Connecticut
518,West Ashleyshire,Dawn Gibbs,Illinois
519,West Annettefurt,Stephanie Blackwell,North Dakota
520,Harperfort,Joseph Parsons,Ohio
521,Jessicaville,Thomas Roberts,Wyoming
522,New Kimberlyland,Megan Walters,Washington
523,Patelville,John Garcia,Maryland
524,Lisamouth,John Williams,Rhode Island
525,Danaton,Miguel Miller,Alabama
526,Perryland,Thomas Gibbs,Iowa
527,Daystad,Tracy Walker,Maryland
528,Lisaberg,Dr. Alex Collins,Montana
529,New Amanda,Ms. Jennifer Cantrell,Arizona
530,New Kristy,Tony Kent,Massachusetts
531,North Denise,Kevin Smith,Alabama
532,Michaelberg,Holly Bond,Alaska
533,New Alan,Michelle Fox,Maine
534,South Tylershire,Shannon Melendez,Georgia
535,Gibbsfort,Dana Anderson,Maine
536,Craigborough,Amanda Anderson,Tennessee
537,Sergiomouth,Joseph Walker,Hawaii
538,North Melissastad,George Maldonado,Montana
539,New Theresa,Daniel Dixon,Illinois
540,Ashleyside,Patricia Cook,Kansas
541,Kleinfort,Ashley Price,Oklahoma
542,Colinburgh,Xavier Smith,Kansas
543,Lozanoland,Thomas Delacruz,Delaware
544,East Emily,Kent Hobbs,Alabama
545,Port Williamton,Jennifer Jacobs,Vermont
546,Kristimouth,Kimberly Barr MD,Hawaii
547,Crystalbury,Meghan Wilson,Georgia
548,North Keith,Melissa Garcia,Oklahoma
549,Kimhaven,Kristen Kennedy,Missouri
550,West Tyler,Jacob Donovan,Michigan
551,Cassandramouth,Susan Hill,Idaho
552,West Shannon,Jessica Humphrey,Minnesota
553,Lake Hannahchester,Laura Anderson,North Dakota
554,Bryanland,Kelly Hudson,Florida
555,North Jeffreybury,Caitlin Gaines MD,South Carolina
556,Kristyberg,Jessica Lopez,Kansas
557,Derrickburgh,Mrs. Jennifer Kaufman MD,Indiana
558,North Kari,Antonio Horton,New Jersey
559,Phamborough,Vanessa Willis,Kansas
560,Isaacview,Matthew Miller,Nebraska
561,Lopezstad,Anne Briggs,New Mexico
562,North Kimfort,Glenn Weeks,New Jersey
563,Port Adam,Gerald Tran,Delaware
564,Lake William,Ian Bell,Montana
565,Brewerhaven,Nichole Chan,Texas
566,Dennisburgh,Nicholas Mathis,Ohio
567,New Rebecca,Christopher Floyd,Colorado
568,East Kennethchester,Stephanie Dawson,Maryland
569,North Cliffordshire,Erin Bennett DDS,Wisconsin
570,Nicolechester,Joseph Williams,Oklahoma
571,West Matthew,Robert Bradley,Colorado
572,Mackenziefort,Antonio Cooper,Iowa
573,Williammouth,Brian Olson,Rhode Island
574,Lake Robin,Denise Hamilton,Pennsylvania
575,East Dalefort,James Freeman,Washington
576,Judithfurt,Melissa Washington,Rhode Island
577,Ballbury,Jonathan Lawson,Indiana
578,North Emilychester,Leah Gordon,Alaska
579,West Curtisville,Peter Rios,Illinois
580,Port James,Steven Taylor,Iowa
581,Lake Cynthiashire,Patricia Coleman,Montana
582,Elizabethton,Miguel Baker,Ohio
583,South Amber,Reginald Davis,Iowa
584,East Stephanie,Lisa Pacheco,Alabama
585,East Ryanton,Anthony Anderson,New Hampshire
586,Port Susanburgh,Abigail Hanson,Maine
587,Maryton,David Williams,Nebraska
588,Lake Gregory,Michelle Newton,Montana
589,Johnsonville,Catherine Martinez,Hawaii
590,Dunnfurt,Becky Duke,Oregon
591,Josephburgh,Vincent Bradley,Michigan
592,Robertmouth,Deborah Lewis,Nevada
593,Ryanhaven,Denise George,Kansas
594,Michaelbury,Kathleen Green,Michigan
595,South Mary,Marvin Carlson,Pennsylvania
596,Garciaside,David Martinez,Florida
597,North Robin,Morgan Delgado,Michigan
598,Travisfurt,Briana Hart,California
599,Michaelville,Sherry Warren,Oregon
600,Yorkport,Kristin Forbes,Utah
601,North Kristi,Cory Ruiz,California
602,Harrischester,Brian Hale,Delaware
603,North Lisafurt,Renee Washington,Nebraska
604,Hicksshire,Patrick Franklin,Wisconsin
605,South Sharonburgh,Jessica Petty DDS,New York
606,Port Tonyaland,Kathleen James,Kansas
607,Fordville,John Bradford,Missouri
608,Port Hollyberg,Michael Evans,Kansas
609,North Christopher,Bruce Sherman,Wyoming
610,Yatesview,Rachel Strickland,Illinois
611,Zacharyfurt,Amanda Peterson,Arizona
612,Marshallmouth,David Garcia,Rhode Island
613,Brownside,Brooke Bender,Ohio
614,Reyestown,Harry Taylor,North Dakota
615,Port Timstad,Katie Lowe,Arizona
616,Port Jamesstad,Tracey Myers,Arizona
617,Port Victoriaburgh,Richard Myers,Pennsylvania
618,North Pattyfort,Ryan Turner,South Carolina
619,South Jayberg,James Walker,Oklahoma
620,South Matthew,Samantha Gibson,Arizona
621,Simsborough,Mary Cross,Alaska
622,Lake Richard,Sandra Burns,Nevada
623,Kristachester,Jody Rivera,Nevada
624,South Leonard,Ryan Rice,Alaska
625,Timothybury,Joseph Williams,Illinois
626,Paulatown,Michael Jones,Texas
627,Gallagherhaven,Wesley Lane,North Dakota
628,Cortezburgh,Michael Morris,Wyoming
629,Lake Scott,Morgan Haney,Delaware
630,Port Christopherside,Jackie Hall,West Virginia
631,Washingtonton,Regina Knapp,Alaska
632,Watsonmouth,Margaret Williamson,Georgia
633,Michaelville,Paula Pennington,Delaware
634,New Christopher,Ryan Cox,Oregon
635,Christopherside,Erica Reynolds,New Hampshire
636,West Alexander,Dylan Jackson Jr.,Arkansas
637,Emilystad,Victor Baker,Delaware
638,South Kennethshire,Leslie Smith,Montana
639,Larryview,Angela Pennington,New Mexico
640,South Christopher,Steven Cochran,Alabama
641,Juliantown,Douglas Simmons,Montana
642,Angelaland,William Shelton,Delaware
643,Port Briantown,Alex Castillo,Michigan
644,West Ericview,William Ware,Iowa
645,Rebeccaton,Jack Cochran,Kentucky
646,Lake Audrey,Karen Scott MD,Massachusetts
647,Port Michelleshire,Andrew Watts,Wisconsin
648,Loveville,Richard Miller,Kansas
649,Lake Aaronmouth,Beth Huynh,Nevada
650,West Julie,Michael Charles,Alaska
651,Lake Shawnland,Dana Erickson,Mississippi
652,Martinfort,Mary Rodriguez,Illinois
653,New Loganburgh,Michael Campbell,Colorado
654,West Jodifort,Sandra Vasquez,Minnesota
655,Chavezchester,Mrs. Jasmine Pennington,Wisconsin
656,South Dannystad,Robin Ball,New Mexico
657,East Kenneth,Joseph Palmer,Missouri
658,Kevinborough,Stephanie Evans,California
659,South Katrinashire,Kayla Jones,Wisconsin
660,Brucebury,Tammy Kirk MD,Washington
661,Jillstad,Angela Madden,Arizona
662,Smithmouth,Justin Frank,Wyoming
663,Holmesberg,Sarah Little,Mississippi
664,Peterborough,Nicholas Walker,Georgia
665,Castillochester,Deborah Lin,New Jersey
666,Lake Hannahchester,Thomas Johnson,Indiana
667,Brandonland,Caitlin Barnes,Virginia
668,West Annfurt,George Mclaughlin,South Dakota
669,East Michelle,Tara Olson,Arizona
670,Kristineside,Wendy Lynch,Nebraska
671,New Anna,Michael Gardner,New York
672,Lawsonfurt,Andre Green,Nevada
673,Andersonberg,Mrs. Catherine Oconnell,Montana
674,East Charlesfort,Kevin Mitchell,Mississippi
675,New Craig,Donald Thomas,Maryland
676,East Tyler,Brianna Cline MD,Wyoming
677,East Williefort,Amanda Olson,Washington
678,Port Ian,Michelle Farrell,Hawaii
679,South Christinaberg,Erin Gregory,Delaware
680,Mcknightburgh,Eric Lynch,Connecticut
681,Brandonbury,Justin Lopez,Massachusetts
682,North Kaylaborough,Ms. Emma Martin PhD,Hawaii
683,North Christinastad,Mitchell Cameron,Ohio
684,Lake James,Mrs. Elizabeth Patterson PhD,Nebraska
685,Lake Nicoleport,Theresa Villanueva,New Mexico
686,West Kimberlyhaven,Danielle Nguyen,Alabama
687,Whiteshire,Sylvia Townsend,Pennsylvania
688,Jasonside,Anthony Olson,Kansas
689,Foxfort,Justin Mendez,Arkansas
690,South Lynn,Michelle Figueroa,North Carolina
691,Lake Samuelmouth,Kathryn Conway,Idaho
692,Moorestad,Stephen Hall,Rhode Island
693,South Johnbury,Krista Arnold,New York
694,New Pamelastad,Danielle Ross,Georgia
695,South Dylanmouth,Christopher Evans MD,Wyoming
696,Port Johnborough,Christine Huff,New Jersey
697,Carlaland,James Coleman,Hawaii
698,West Timothy,Brandon Miller,Georgia
699,Williamton,Jacob Marshall,New York
700,Jacobburgh,Sarah Navarro,Mississippi
701,Holmesfurt,Teresa Esparza,Kentucky
702,Castroland,Brent Hartman,Virginia
703,Porterville,Jennifer Salazar,Hawaii
704,Brianburgh,Jennifer Callahan,New Hampshire
705,Hamptonside,Joshua Estrada,Missouri
706,Parkerport,Rebecca Williams,Louisiana
707,Lake Tammybury,Joseph Davis,Oklahoma
708,Frederickport,Cameron Riley,Indiana
709,North Yvonnefurt,Sara Gibson,Wyoming
710,South Robertbury,Amy Poole,Indiana
711,Reynoldsstad,Nicole Perry,California
712,Phamport,Jennifer Decker,Colorado
713,Bradleychester,Lori Alexander,Maine
714,Edwardstown,Jason Bryant,California
715,Kimberlyside,Howard Harrison,Montana
716,Estradaside,Sarah Daniels,Wyoming
717,Amberville,Molly Diaz,Georgia
718,Munozstad,Belinda Carter,Michigan
719,New Christy,Jack Le,Wyoming
720,Camposburgh,Susan Martinez,Tennessee
721,Holtmouth,Norma Franklin,Wisconsin
722,South Mark,James Robinson,Washington
723,West Tamarafort,Jeremy Russell,Ohio
724,Hopkinsburgh,Justin Dunlap,Arkansas
725,Chelseahaven,Richard Cobb,Rhode Island
726,Cynthiashire,Frances Anderson,Minnesota
727,Lake Carlosfurt,Isaiah Stevens,Louisiana
728,Daniellemouth,Lori Sims,North Dakota
729,Robertfort,Michael Friedman,Montana
730,North Anna,Tammy Romero,Washington
731,Port Brian,Ryan Rivera,Delaware
732,Jacobsview,Jordan Allen,Arkansas
733,West Nataliestad,Sarah Zuniga,Arkansas
734,Woodshaven,Joshua Jackson,Illinois
735,Lake Anitafort,Roger Carlson,Massachusetts
736,Sandovalbury,Cory Walker,Virginia
737,Garciafurt,Diana Strong,Kentucky
738,East Shelly,Angela Mcpherson,New York
739,Kennedyborough,Dr. Amber Potts,Connecticut
740,Mcdowellland,Ryan Cameron,Illinois
741,Port Jeffrey,Kelly Diaz,Wyoming
742,Andersonmouth,Charles Webster,Rhode Island
743,South Devonfurt,Jordan Green,Maryland
744,South Matthewshire,James Nelson,Arkansas
745,Hannahview,Cody Ramirez,South Dakota
746,Port Briannaville,Eric Chen,Alabama
747,Jamesport,Rodney Lawson,Virginia
748,Galvanhaven,Terri Lee,Georgia
749,Williamsburgh,Joyce Wright,Georgia
750,Lake Todd,Joshua Moss,Rhode Island
751,Tinashire,Aaron Hopkins,New Hampshire
752,West Bradley,Jennifer Hampton DDS,Kansas
753,East Sharon,Megan Hoffman,Vermont
754,North Lisa,James Garcia,Mississippi
755,South Tracyview,Christopher Salas,Nebraska
756,Lake Nathanielberg,Margaret Chandler,West Virginia
757,West Alexander,Cassandra Carroll,Delaware
758,New David,Sonya Mejia,New Hampshire
759,Melissastad,Karl Santiago,Vermont
760,Shannontown,Margaret Krueger,California
761,Danielleton,Bonnie Smith,Kansas
762,New William,Joseph Jones,Arkansas
763,Andersonchester,Peggy Hill,New York
764,Michellechester,Jennifer Newman,Montana
765,West Benjamin,Matthew Bryant,New Hampshire
766,East Christianburgh,Robert Bell,Arizona
767,Reedton,Cynthia Ferguson,Alaska
768,Port Amanda,Donald Herrera,New Mexico
769,South Mark,Christine Nicholson,Hawaii
770,North Melissaland,Alex Mendoza,Missouri
771,Hahnmouth,Amy Mccoy,North Dakota
772,Danielborough,Melanie Bradley,Louisiana
773,West Jacob,Lisa Arias,Ohio
774,Colemanburgh,Vicki Cox,Delaware
775,Rileyfort,Anthony Caldwell,Massachusetts
776,North Kim,Kenneth Christensen,Vermont
777,Lake Kristen,Dr. Brett Humphrey,Montana
778,South Kristinaborough,Jeanette Herring,Virginia
779,Williamstown,Peter Charles,Missouri
780,East Michael,Christopher Beck,Florida
781,Laneshire,Jeremiah Williams,Virginia
782,East Maria,Courtney Fitzpatrick,California
783,Whiteborough,Gregory Evans,Minnesota
784,Meganton,Travis Grant,Colorado
785,Joseton,Brittney Holden,Nevada
786,East Rick,Robert Terry,North Dakota
787,East Alanchester,Brett Lee,Maine
788,New Ericshire,Michael Gillespie,Iowa
789,East Jameshaven,Tanya Hoffman,Washington
790,East Allisonfort,Nicholas Clay,Tennessee
791,North Loriview,Anthony Anderson,Maryland
792,Bartonberg,Kenneth Reyes DDS,Delaware
793,East Karenbury,Scott Wright,Illinois
794,Linborough,Timothy Sampson,Vermont
795,Port Scott,Nathan Kim,Oregon
796,Kellyside,Patricia Jones,Nebraska
797,Port Jasonside,Lucas Green,Louisiana
798,New Adam,Erica Fox,Rhode Island
799,North Allison,Jamie Ramos,New Mexico
800,Kimburgh,Desiree Barker,Ohio
801,Armstrongtown,Courtney Adams,Alabama
802,Port Danielle,Madison White,Florida
803,Richardsonton,Debbie Ramirez,Arkansas
804,Dillontown,Stephen Hernandez,Washington
805,Ortegafort,Pamela Ward,New Mexico
806,Traviston,Elijah Williamson,California
807,Bridgesborough,Tim Moreno,Rhode Island
808,Gordonville,Kelly Gonzalez,Maine
809,Port Lisaside,Adam Hood,Alaska
810,West Richard,Phyllis Walker,Hawaii
811,Port Jonathanview,Allison Wolf,Montana
812,Lake Emilyburgh,Christopher Bryan,Illinois
813,Emilytown,Michael Costa,Indiana
814,Lake Christopher,Kristen Evans,Indiana
815,Destinyland,Andrea Friedman,Massachusetts
816,West Zacharyland,Jennifer Jones,Massachusetts
817,Julietown,Jacob Bartlett,North Dakota
818,East Josephshire,Courtney Diaz,Pennsylvania
819,Richardtown,Michael Bowman,Pennsylvania
820,North Joe,William Mejia,Virginia
821,Petersside,Linda Hall,Indiana
822,Port Alicia,Matthew Cook,Indiana
823,Stephaniefurt,Jeffrey Lambert,Indiana
824,Richardland,Samuel Ramirez,Minnesota
825,North Amandaton,Matthew Carson,Delaware
826,East Josephfort,Jenna Flores,South Dakota
827,Prattview,Kayla Collins,Virginia
828,Port David,Chad Moss,California
829,Port Tracyland,Rachel Crawford,Florida
830,Campbellmouth,Emily Gardner,Pennsylvania
831,Ashleyshire,Teresa Chapman,Hawaii
832,Bradfordfort,Tammy Crawford,Rhode Island
833,Lake Reginabury,Pamela James DDS,Florida
834,Danielhaven,Norma Newton,Alabama
835,Holtberg,Erin Wise,South Dakota
836,North Jamestown,Lawrence Richards,South Carolina
837,South Crystal,Brad Hill,Michigan
838,New Ryanton,Denise Jones,Kansas
839,South Bernard,Scott Jones,New Mexico
840,Lake Lori,Tina Wilson,Texas
841,Garciaton,Veronica Pittman,North Carolina
842,New Timothybury,Barbara Harris,Michigan
843,Aprilshire,Allen Jones,Rhode Island
844,Jaredfurt,Gilbert Page,Pennsylvania
845,Port Anthonyton,Jerry Moody,Louisiana
846,West Christopherland,Jessica Cox,Arkansas
847,East Josephburgh,Jared Braun,New York
848,Port Cassandra,Beverly Patton,Utah
849,Butlerburgh,Harry Swanson,Montana
850,North Davidmouth,Jasmine Parker,New Jersey
851,West Stevenmouth,Sarah Shelton,Vermont
852,Flynnfort,Jason Rojas,Georgia
853,North Kenneth,Paul Evans,New Hampshire
854,West Markchester,Kaylee Meyer,Indiana
855,Brownbury,Linda Figueroa,South Dakota
856,Lake Teresaburgh,Tara Wilson,New York
857,Port Paulfurt,Jared Jenkins,Nevada
858,Brownville,Jacqueline Gordon,Florida
859,New Stephenfurt,Elizabeth Munoz,Pennsylvania
860,Steventown,Elizabeth Harmon,South Dakota
861,West Heather,Jillian Wilson,Maryland
862,Port Jennifer,Corey Barnett,North Carolina
863,Andrewhaven,Samantha King,Nevada
864,Calhounside,Nancy Olson,New Hampshire
865,Reynoldsfort,Sarah Nelson,Ohio
866,Dodsonfurt,Mitchell Hill,Indiana
867,North Maria,Justin Morrow,California
868,Shellyville,Heather Perkins,North Dakota
869,New John,Andrew Logan,Florida
870,Kevinshire,Claudia Lopez,Idaho
871,Lake Hannahshire,Cassandra Robinson,Utah
872,Franklinshire,Tina Wong,Nebraska
873,West Zachary,Miss Laurie Flowers,Mississippi
874,Mirandafort,James Jenkins,Vermont
875,Howardshire,Christopher Wright,Arkansas
876,Hesterport,Michelle Chen,Mississippi
877,West Deniseborough,Christopher Wells,Mississippi
878,West Amandaview,Donna Sims,Alabama
879,East Thomas,Michael Sanchez,Missouri
880,Burnstown,Michael Wright,South Dakota
881,West Maureentown,Adam Dodson,Washington
882,Cruzfort,Micheal Williams,Kentucky
883,Port Scottton,Mrs. Holly Edwards DDS,Massachusetts
884,New Jasmine,Brittany Cook,Virginia
885,Damonburgh,Patricia Benton,Oklahoma
886,Sanfordburgh,Catherine Alvarez,Tennessee
887,East Annette,Kelly Benson,Hawaii
888,Amberburgh,Jessica Reeves,New Mexico
889,Lake Pamela,Tracy Weaver,Utah
890,Maryfurt,Richard Wiggins,Alabama
891,New Jessica,Jonathan Maddox,Nebraska
892,South Crystal,Charles Green,Kentucky
893,Lake Sharontown,Emma Dean,West Virginia
894,New Tinaland,Julia Short,South Dakota
895,New Michaelview,Michael Young,Montana
896,South Pattyview,Bethany Oconnor,Rhode Island
897,Davidmouth,Robert Simmons,Nebraska
898,Franceston,Rebecca Chung,Arkansas
899,Mcgeeview,Patrick Bell,Maine
900,Hesterfurt,Tiffany King,Montana
901,South Brendafurt,James Evans,California
902,South Thomashaven,Joshua Castillo,Kansas
903,Carloschester,Gary Parks,Maryland
904,East Kimberly,Linda Hunt,Hawaii
905,Bonnieport,Todd Walsh,Washington
906,South Leah,Ethan George,Oklahoma
907,Burgessville,Erik Richardson,Wyoming
908,Ashleyton,Amanda Ramos,Maine
909,Andrewsmouth,Lisa Holden,Utah
910,Vazquezhaven,Sean Stafford,Michigan
911,East Michael,Evelyn Garza,Michigan
912,East Deanna,Emily Evans,Minnesota
913,Nicolestad,Stacy Walton,New Jersey
914,Lake Jamie,Brian Turner,California
915,East Amberfurt,Lance Anderson,Pennsylvania
916,New Sandra,Jasmine Gardner,Alaska
917,Rasmussenchester,Scott Johnson,Massachusetts
918,New Christophertown,Angela Wright,Montana
919,Crawfordview,William Welch,Nevada
920,Jacksonshire,Patrick Richmond,Alabama
921,Lauraport,Kevin Williams,Indiana
922,North Jasmine,Mr. Stephen Jones,Arkansas
923,Robertsmouth,Yolanda Davis,Michigan
924,Lake Noahville,Jesse Little,Kansas
925,Lake Wesleytown,Brittany James,Alaska
926,South Joseph,Stephanie Estrada,Nebraska
927,Andersontown,Jennifer Savage MD,Idaho
928,Port Danielburgh,Sarah Gonzalez,Florida
929,East Michael,Barbara Christensen,Vermont
930,Caitlynbury,Thomas Jacobs,North Carolina
931,West Emma,Mr. Stephen Gonzalez,Nevada
932,Debbiefurt,Charles Patterson,Colorado
933,Richardstown,Christine Burton,Nebraska
934,South Leeville,Mark Mcguire,Vermont
935,New Stephanieberg,Justin Reyes,Connecticut
936,East Jonathan,Jessica Bennett,North Carolina
937,Josephmouth,Steven Hawkins,South Carolina
938,Marshallchester,Thomas Drake,Illinois
939,Carterfort,Samantha Lopez,Connecticut
940,Yvonneland,Nicholas Sparks,South Carolina
941,Stephanietown,Jackie Huang,Mississippi
942,East Lawrence,Robert Dickerson,Missouri
943,Lake Michaelberg,Micheal Wagner,New Hampshire
944,South Charles,Ebony Jones,Delaware
945,North Eric,Kyle Silva,California
946,Mcbridehaven,Laura Bauer,Wyoming
947,South Christine,Benjamin White,New Jersey
948,South Anthony,Joan Cortez,Virginia
949,Charlesmouth,Matthew Smith,Alaska
950,Stouttown,Margaret Solomon,Kansas
951,East Benjaminhaven,Daniel Powell,Montana
952,Salazarshire,David Carroll,Hawaii
953,East Michael,Brianna Lopez,Maine
954,Williamschester,Sarah James,Alabama
955,New Danielle,Benjamin Kelley,Colorado
956,Blackton,Crystal Hunter,Iowa
957,Robertsfurt,Stephanie Stuart,California
958,Jerryburgh,Justin Dunn,South Dakota
959,South Ryanville,Sarah Norris,Nebraska
960,Port Karenmouth,Corey Holt,Utah
961,New Gwendolynberg,Mark Fowler,Wyoming
962,Weaverchester,Christine Walker,Nevada
963,Millerstad,Krista Hatfield,Kentucky
964,Johnsonmouth,Kathleen Parker,Colorado
965,Port Oliviahaven,Miranda Santiago,Alabama
966,Port Katieville,Brett Schmidt,Colorado
967,Cynthiatown,Stacey Allen,Delaware
968,Nelsonhaven,Olivia Thomas,Nebraska
969,East Robertside,David Lang,Colorado
970,South Lisa,Laura Powell,Idaho
971,North Anthony,Michele Torres,North Dakota
972,Melissaton,Jose Hess,Nevada
973,Lake Darlene,Cynthia Lane,Vermont
974,West Brandonhaven,Raymond Scott,Oregon
975,East Richardview,Mary Zhang,Hawaii
976,New Sean,Todd Bond,Alaska
977,Dannyville,Ricardo Howard,Idaho
978,Allenton,Megan Terry,California
979,Port Robert,Sheryl Torres,Indiana
980,Matthewview,Ashley Bryant,California
981,Travisport,Jennifer Gross,Connecticut
982,Andersonbury,Russell Malone,Oklahoma
983,Juanshire,Alexis Reeves,New Hampshire
984,East Jeffrey,Dominique Massey,Pennsylvania
985,Jeffreyside,Jaime Ramirez,Minnesota
986,Port Jamesstad,Anthony Mendez,California
987,Maxside,Joanna Miller,Michigan
988,New Timothy,Anita Meyers,Oregon
989,Patrickberg,April Nelson,Oregon
990,Gomezside,Amy Davenport,North Dakota
991,Perezville,William Walker,South Dakota
992,East Timothy,Bethany Lopez,Wyoming
993,Michaelfort,Amy Smith,Utah
994,Armstrongshire,Jonathan Massey,Pennsylvania
995,Danielchester,Nicole Campbell,Colorado
996,East Monicashire,Steven Francis,Wisconsin
997,Zacharyberg,Kimberly Carter,Hawaii
998,Emilyberg,Christina Herrera,New Hampshire
999,Kennethmouth,Cory Everett,Wyoming
1000,West Kimberly,Jennifer Mendez,Wisconsin
1001,Andersonshire,Mark Brown,Kansas
1002,Lake Brandontown,Tiffany Summers,South Dakota
1003,Lewiston,Kelli Richardson,West Virginia
1004,Brownfurt,Rachel Chapman,Utah
1005,New Dawn,John Fleming,Florida
1006,Brianland,Shari Reynolds PhD,Washington
1007,Jenniferview,Pamela Miller,Ohio
1008,Fullerburgh,Cassidy Phillips,Louisiana
1009,Hillmouth,Jeffery Hall,South Dakota
1010,North Brittany,Nicholas Pierce,Pennsylvania
1011,Lesliebury,Thomas Adams,Virginia
1012,Drewland,Kevin Henson,Maine
1013,Carolynhaven,Kathryn Burns,South Dakota
1014,Port Amanda,Vanessa Ross,Alaska
1015,East Kevin,James Murphy,Tennessee
1016,Jodimouth,John Scott,Colorado
1017,Abigailburgh,Robert Velez,Pennsylvania
1018,Port Kirsten,Robert Patton,New Jersey
1019,Lake Sarah,David Goodwin,Texas
1020,Thomasside,Christina Rodriguez,Maine
1021,Carpenterchester,Jennifer Rodriguez,Pennsylvania
1022,Lake Christopherborough,Tiffany Mann,Utah
1023,Mariofort,Michelle Jones,Missouri
1024,Ellisview,Ashley Rasmussen,Kansas
1025,Oliverchester,Dennis Tate,Wisconsin
1026,East Stephenville,Ms. Tina Newton MD,Maine
1027,Rollinsmouth,Tiffany Jones,Hawaii
1028,East Kathy,Bryan Torres,Texas
1029,Breannabury,Juan Gonzales,Iowa
1030,Lopezberg,Andrea Hall,Wisconsin
1031,Colinfurt,Leslie Henry,Iowa
1032,Port Tracey,Tammy Berry,California
1033,Port Mary,Victoria Johnson,Virginia
1034,New Rachel,Richard Larson,Virginia
1035,Gregorychester,Michael Rose,Ohio
1036,East Crystal,Stacy Adams,Maine
1037,New Victor,David Mcgee,Wyoming
1038,West Brandonshire,Anna Navarro,Indiana
1039,Port Michaelfort,Brian Baker,South Dakota
1040,Port Amber,Alexander Mendoza,Missouri
1041,Aaronside,Thomas Koch,Utah
1042,Lake Raymondside,James Reed,Kansas
1043,East Johnside,Kathleen Brown,Georgia
1044,Port Anthony,Stephanie Cochran,Rhode Island
1045,West Natashachester,Daniel Adams,Rhode Island
1046,East Deborah,Maria Davis,Kansas
1047,New Jacquelinebury,Wesley Snyder,Wisconsin
1048,East Michael,Beth Lloyd,Georgia
1049,Hollyville,Christopher Sanchez,Texas
1050,Port Robert,Megan Owen,Louisiana
1051,North Alexis,Dennis Nelson,North Carolina
1052,Heidifurt,Anthony Donaldson,Tennessee
1053,Port Ann,Daniel Rodriguez,Hawaii
1054,Davidborough,Frank Alvarez,Illinois
1055,Tracytown,Erica Butler,Maryland
1056,Colemanchester,Manuel Hunt,Wisconsin
1057,Charlesfurt,Ashley Morgan,Missouri
1058,Jessicamouth,Charles Parker,Tennessee
1059,South Maria,Kayla Simmons,Maryland
1060,South Kathy,Patricia Whitaker,Ohio
1061,New Lindsey,Joseph Rodriguez,Ohio
1062,Nelsonborough,Frank Benson,Arkansas
1063,Lake Dylan,Heather Gomez,Washington
1064,East Willie,James Huang,Massachusetts
1065,East Kevinton,Derrick Haas,Illinois
1066,North Mercedes,Douglas Gould,Oregon
1067,Brentmouth,Eddie Stephens,Kentucky
1068,West Mariafort,Kristen Anderson,Arizona
1069,East Thomasview,Yvonne Garcia,Illinois
1070,South Maria,Janice Miller,Kentucky
1071,North Megan,David Garcia,Washington
1072,North William,Bryan Harrison,Hawaii
1073,Derrickview,Paul Marshall,Connecticut
1074,North Elizabethberg,Miranda Mcneil,New Mexico
1075,New Daniel,Daniel Frank,Alabama
1076,Deanshire,Lisa Walls,Kansas
1077,Christineville,Roger Miller,Washington
1078,Heatherburgh,Cathy Beck,Louisiana
1079,Elizabethland,Donna Espinoza,West Virginia
1080,Eddiemouth,Kimberly Martinez,Maryland
1081,North Ana,Melody Kline,Louisiana
1082,South Alexmouth,Darlene Rodriguez,Alabama
1083,Robertburgh,Tanya Perez,Virginia
1084,Waynebury,Jesse Mays,Virginia
1085,Jacobshire,Sandra Boyer DDS,New Jersey
1086,Popeland,Elizabeth Mendez,Kansas
1087,Nathanfurt,Miss Susan Farmer,South Carolina
1088,North Pamelaville,Casey Smith,New Mexico
1089,Port Kellytown,Brandon Lloyd,Alabama
1090,Bradleymouth,Rita Freeman,Utah
1091,New Jeffery,Alexander Gutierrez,Montana
1092,West Jacquelinestad,Gerald Reese,Tennessee
1093,East Brad,Jennifer Richardson MD,Tennessee
1094,Nicoleside,Colleen Moore,New Jersey
1095,South Amanda,Matthew James,Utah
1096,North Colleenville,Darrell Gomez,New Mexico
1097,Rogermouth,Stephen Velasquez,Alaska
1098,Thomasbury,Brooke Jones,Ohio
1099,Port Alexandra,Destiny Davidson,Virginia
